{"cameraMode":{"drawMode":0,"name":"Shaded","section":"Shading Mode"},"sceneLighting":true,"audioPlay":false,"sceneViewState":{"m_AlwaysRefresh":false,"showFog":true,"showSkybox":true,"showFlares":true,"showImageEffects":true,"showParticleSystems":true,"showVisualEffectGraphs":true,"m_FxEnabled":true},"in2DMode":false,"pivot":{"x":-1.0255911350250245,"y":-0.8683919906616211,"z":-0.11618995666503906},"rotation":{"x":0.01208472065627575,"y":0.9574419260025024,"z":-0.2855145037174225,"w":0.04052478447556496},"size":6.223320960998535,"orthographic":false}