{"cameraMode":{"drawMode":0,"name":"Shaded","section":"Shading Mode"},"sceneLighting":false,"audioPlay":false,"sceneViewState":{"m_AlwaysRefresh":false,"showFog":true,"showSkybox":false,"showFlares":true,"showImageEffects":true,"showParticleSystems":true,"showVisualEffectGraphs":true,"m_FxEnabled":true},"in2DMode":false,"pivot":{"x":-5.960464477539063e-8,"y":0.9749999046325684,"z":0.0003401041030883789},"rotation":{"x":0.010835470631718636,"y":0.8761600852012634,"z":-0.4814964234828949,"w":0.019716938957571985},"size":1.3530207872390748,"orthographic":false}