{"cameraMode":{"drawMode":0,"name":"Shaded","section":"Shading Mode"},"sceneLighting":false,"audioPlay":false,"sceneViewState":{"m_AlwaysRefresh":false,"showFog":false,"showSkybox":false,"showFlares":false,"showImageEffects":false,"showParticleSystems":false,"showVisualEffectGraphs":true,"m_FxEnabled":true},"in2DMode":false,"pivot":{"x":0.5791113376617432,"y":0.6095113754272461,"z":0.6316611766815186},"rotation":{"x":0.003913694992661476,"y":0.8530240058898926,"z":-0.5218204259872437,"w":0.006397806573659182},"size":1.3059316873550416,"orthographic":false}