{"cameraMode":{"drawMode":0,"name":"Shaded","section":"Shading Mode"},"sceneLighting":true,"audioPlay":false,"sceneViewState":{"m_AlwaysRefresh":false,"showFog":true,"showSkybox":true,"showFlares":true,"showImageEffects":true,"showParticleSystems":true,"showVisualEffectGraphs":true,"m_FxEnabled":true},"in2DMode":false,"pivot":{"x":0.21312624216079713,"y":0.8674030900001526,"z":1.6945321559906006},"rotation":{"x":0.0008196322596631944,"y":0.9914427399635315,"z":-0.13043561577796937,"w":0.006247512064874172},"size":3.55220890045166,"orthographic":false}