{"cameraMode":{"drawMode":0,"name":"Shaded","section":"Shading Mode"},"sceneLighting":false,"audioPlay":false,"sceneViewState":{"m_AlwaysRefresh":false,"showFog":true,"showSkybox":false,"showFlares":true,"showImageEffects":true,"showParticleSystems":true,"showVisualEffectGraphs":true,"m_FxEnabled":true},"in2DMode":false,"pivot":{"x":15.932368278503418,"y":-0.0066204071044921879,"z":1.1583960056304932},"rotation":{"x":0.6634334325790405,"y":7.446875338601444e-10,"z":1.6087425835920044e-9,"w":0.7482357025146484},"size":4.465700626373291,"orthographic":false}